Account_ID,Cloud_Provider,Service,Region,Usage_Date,Usage_Hours,Data_Transfer_GB,Storage_GB,Monthly_Cost,Anomaly_Threshold,Is_Anomaly,Anomaly_Severity
ACC-142,AWS,EC2,eu-west-1,2026-02-06,710,102.76,154.79,974.46,469.72625,True,HIGH
ACC-120,Azure,Azure SQL,westeurope,2026-02-27,707,437.04,375.64,964.55,469.72625,True,HIGH
ACC-100,AWS,EC2,us-east-1,2026-04-11,669,78.4,421.51,955.09,469.72625,True,HIGH
ACC-100,Azure,Azure SQL,eastus,2026-04-24,677,304.81,696.12,932.01,469.72625,True,HIGH
ACC-137,AWS,RDS,us-east-1,2026-03-22,674,178.17,422.07,911.94,469.72625,True,HIGH
ACC-121,AWS,RDS,eu-west-1,2026-03-04,709,180.51,632.13,889.25,469.72625,True,HIGH
ACC-105,AWS,EC2,eu-west-1,2026-06-04,667,102.28,608.28,884.34,469.72625,True,HIGH
ACC-143,AWS,RDS,ap-south-1,2026-01-24,657,267.72,1271.64,884.31,469.72625,True,HIGH
ACC-114,AWS,EC2,ap-south-1,2026-01-22,214,763.28,872.29,872.36,469.72625,True,HIGH
ACC-127,AWS,EC2,us-east-1,2026-05-17,663,106.65,294.34,865.31,469.72625,True,HIGH
ACC-114,Azure,Virtual Machines,westeurope,2026-02-08,720,106.82,716.98,859.61,469.72625,True,HIGH
ACC-135,Azure,Virtual Machines,westeurope,2026-04-30,682,583.94,959.44,859.18,469.72625,True,HIGH
ACC-138,AWS,EC2,eu-west-1,2026-06-11,37,242.91,328.22,857.15,469.72625,True,HIGH
ACC-102,Azure,Azure SQL,eastus,2026-05-26,666,222.15,620.38,852.2,469.72625,True,HIGH
ACC-114,Azure,Virtual Machines,eastus,2026-04-09,596,132.81,593.92,839.06,469.72625,True,HIGH
ACC-144,Azure,Azure SQL,centralindia,2026-01-14,32,628.02,1259.31,829.9,469.72625,True,HIGH
ACC-140,Azure,Azure SQL,eastus,2026-05-13,694,132.39,551.32,828.26,469.72625,True,HIGH
ACC-120,Azure,Virtual Machines,westeurope,2026-01-31,207,267.65,150.27,824.18,469.72625,True,HIGH
ACC-102,AWS,RDS,ap-south-1,2026-03-29,653,144.16,2020.75,821.56,469.72625,True,HIGH
ACC-105,AWS,EC2,ap-south-1,2026-04-28,672,103.56,2067.14,819.77,469.72625,True,HIGH
ACC-141,Azure,Virtual Machines,westus,2026-02-13,684,86.11,454.52,817.04,469.72625,True,HIGH
ACC-115,AWS,EC2,ap-south-1,2026-05-29,597,90.02,1133.97,804.8,469.72625,True,HIGH
ACC-113,AWS,EC2,eu-west-1,2026-02-24,615,178.85,227.51,799.41,469.72625,True,HIGH
ACC-122,Azure,Azure SQL,westus,2026-04-16,620,110.26,792.09,795.98,469.72625,True,HIGH
ACC-116,Azure,Azure SQL,westeurope,2026-02-16,682,327.17,687.51,795.13,469.72625,True,HIGH
ACC-137,Azure,Virtual Machines,eastus,2026-02-19,692,110.03,264.86,791.37,469.72625,True,HIGH
ACC-124,Azure,Azure SQL,centralindia,2026-02-06,188,283.63,637.34,789.43,469.72625,True,HIGH
ACC-113,Azure,Virtual Machines,eastus,2026-01-06,74,138.89,1008.66,788.52,469.72625,True,HIGH
ACC-138,AWS,EC2,eu-west-1,2026-05-18,678,268.49,150.61,784.35,469.72625,True,HIGH
ACC-111,Azure,Virtual Machines,westus,2026-06-27,700,202.77,785.95,763.82,469.72625,True,HIGH
ACC-107,AWS,RDS,ap-south-1,2026-03-09,588,414.18,532.79,762.47,469.72625,True,HIGH
ACC-120,Azure,Virtual Machines,eastus,2026-04-26,714,678.04,439.07,752.72,469.72625,True,HIGH
ACC-125,AWS,EC2,us-west-2,2026-05-19,654,242.2,109.99,743.55,469.72625,True,HIGH
ACC-107,Azure,Virtual Machines,eastus,2026-01-23,73,109.72,266.77,738.54,469.72625,True,HIGH
ACC-134,AWS,EC2,eu-west-1,2026-05-04,539,122.94,438.26,738.09,469.72625,True,HIGH
ACC-114,AWS,RDS,eu-west-1,2026-01-17,693,54.15,193.44,735.22,469.72625,True,HIGH
ACC-131,Azure,Virtual Machines,eastus,2026-01-02,242,270.34,654.91,735.22,469.72625,True,HIGH
ACC-141,AWS,RDS,us-west-2,2026-02-24,622,984.77,406.42,735.03,469.72625,True,HIGH
ACC-141,Azure,Azure SQL,centralindia,2026-01-07,58,94.39,697.09,733.92,469.72625,True,HIGH
ACC-146,AWS,EC2,ap-south-1,2026-01-24,612,117.43,264.74,732.57,469.72625,True,HIGH
ACC-103,Azure,Virtual Machines,eastus,2026-06-03,562,640.76,150.16,729.67,469.72625,True,HIGH
ACC-139,AWS,RDS,us-east-1,2026-04-24,237,213.15,583.16,727.69,469.72625,True,HIGH
ACC-137,Azure,Azure SQL,centralindia,2026-03-31,597,172.01,2856.8,725.79,469.72625,True,HIGH
ACC-124,AWS,EC2,ap-south-1,2026-03-17,178,108.93,233.71,720.81,469.72625,True,HIGH
ACC-141,Azure,Virtual Machines,westus,2026-05-23,555,19.96,1068.23,720.11,469.72625,True,HIGH
ACC-141,Azure,Azure SQL,eastus,2026-05-31,555,175.28,675.75,719.33,469.72625,True,HIGH
ACC-112,AWS,EC2,us-east-1,2026-05-12,695,49.03,809.88,716.89,469.72625,True,HIGH
ACC-116,AWS,EC2,us-east-1,2026-01-22,644,100.25,385.66,715.28,469.72625,True,HIGH
ACC-117,GCP,Cloud SQL,us-central1,2026-04-29,665,189.41,214.4,713.02,469.72625,True,HIGH
ACC-135,Azure,Virtual Machines,westus,2026-03-12,686,198.57,89.34,710.41,469.72625,True,HIGH
ACC-120,AWS,RDS,ap-south-1,2026-06-01,561,128.24,909.18,709.25,469.72625,True,HIGH
ACC-135,AWS,RDS,eu-west-1,2026-06-28,526,320.34,728.98,702.03,469.72625,True,MEDIUM
ACC-104,AWS,EC2,eu-west-1,2026-03-24,522,120.79,706.44,697.06,469.72625,True,MEDIUM
ACC-125,Azure,Azure SQL,centralindia,2026-04-08,705,489.15,239.07,695.83,469.72625,True,MEDIUM
ACC-135,Azure,Azure SQL,westus,2026-03-10,442,84.87,363.13,695.16,469.72625,True,MEDIUM
ACC-139,AWS,EC2,us-east-1,2026-02-18,636,509.43,371.07,693.38,469.72625,True,MEDIUM
ACC-113,AWS,RDS,us-east-1,2026-01-08,101,91.5,305.61,684.67,469.72625,True,MEDIUM
ACC-103,GCP,Compute Engine,asia-south1,2026-05-06,610,149.93,2303.77,681.72,469.72625,True,MEDIUM
ACC-118,Azure,Virtual Machines,centralindia,2026-04-11,701,131.74,168.66,675.41,469.72625,True,MEDIUM
ACC-117,AWS,EC2,ap-south-1,2026-01-13,625,215.52,276.93,673.92,469.72625,True,MEDIUM
ACC-138,Azure,Virtual Machines,centralindia,2026-02-02,623,210.62,808.38,669.98,469.72625,True,MEDIUM
ACC-124,Azure,Azure SQL,centralindia,2026-01-08,648,227.0,115.8,669.29,469.72625,True,MEDIUM
ACC-147,Azure,Azure SQL,eastus,2026-04-21,681,212.58,484.3,669.02,469.72625,True,MEDIUM
ACC-138,AWS,RDS,us-east-1,2026-04-30,605,204.84,629.11,668.47,469.72625,True,MEDIUM
ACC-109,AWS,RDS,us-east-1,2026-05-29,710,304.51,806.44,668.44,469.72625,True,MEDIUM
ACC-103,AWS,RDS,us-east-1,2026-01-27,492,84.64,1439.13,668.23,469.72625,True,MEDIUM
ACC-121,AWS,EC2,us-east-1,2026-01-18,539,76.5,665.25,667.43,469.72625,True,MEDIUM
ACC-139,AWS,EC2,us-west-2,2026-05-16,654,252.86,532.52,667.03,469.72625,True,MEDIUM
ACC-140,Azure,Virtual Machines,eastus,2026-06-18,662,115.19,119.81,663.41,469.72625,True,MEDIUM
ACC-129,Azure,Azure SQL,eastus,2026-01-06,234,204.63,245.59,662.21,469.72625,True,MEDIUM
ACC-149,Azure,Azure SQL,westus,2026-01-02,704,295.55,491.03,661.14,469.72625,True,MEDIUM
ACC-102,Azure,Virtual Machines,westeurope,2026-01-06,660,271.19,571.42,660.37,469.72625,True,MEDIUM
ACC-140,AWS,EC2,us-west-2,2026-01-26,101,1007.76,1667.44,655.96,469.72625,True,MEDIUM
ACC-142,AWS,RDS,eu-west-1,2026-04-22,718,122.06,189.45,655.3,469.72625,True,MEDIUM
ACC-148,GCP,Compute Engine,asia-south1,2026-01-03,604,317.76,458.79,653.86,469.72625,True,MEDIUM
ACC-149,AWS,RDS,ap-south-1,2026-06-06,638,70.96,726.61,648.15,469.72625,True,MEDIUM
ACC-109,Azure,Azure SQL,westus,2026-04-17,31,123.59,177.84,646.34,469.72625,True,MEDIUM
ACC-134,AWS,RDS,us-east-1,2026-02-08,461,81.05,1543.72,646.19,469.72625,True,MEDIUM
ACC-105,GCP,Cloud SQL,us-west1,2026-01-27,691,217.25,1995.02,642.07,469.72625,True,MEDIUM
ACC-131,Azure,Virtual Machines,eastus,2026-05-30,644,160.16,514.42,640.79,469.72625,True,MEDIUM
ACC-105,Azure,Azure SQL,westeurope,2026-05-22,562,471.31,1199.23,640.35,469.72625,True,MEDIUM
ACC-120,AWS,RDS,us-west-2,2026-06-03,134,51.38,206.92,639.29,469.72625,True,MEDIUM
ACC-111,AWS,RDS,ap-south-1,2026-04-01,600,319.45,591.19,639.17,469.72625,True,MEDIUM
ACC-128,Azure,Azure SQL,centralindia,2026-01-29,558,115.06,584.82,638.42,469.72625,True,MEDIUM
ACC-105,AWS,EC2,eu-west-1,2026-02-20,600,111.23,112.1,636.92,469.72625,True,MEDIUM
ACC-113,Azure,Azure SQL,westus,2026-03-23,80,727.91,436.22,633.31,469.72625,True,MEDIUM
ACC-116,Azure,Virtual Machines,centralindia,2026-03-18,75,97.01,558.86,633.21,469.72625,True,MEDIUM
ACC-142,AWS,EC2,us-west-2,2026-01-21,583,142.41,198.82,632.85,469.72625,True,MEDIUM
ACC-136,GCP,Cloud SQL,europe-west1,2026-02-17,656,410.68,772.31,628.84,469.72625,True,MEDIUM
ACC-121,AWS,RDS,eu-west-1,2026-03-02,563,221.73,472.75,628.24,469.72625,True,MEDIUM
ACC-100,GCP,Compute Engine,us-central1,2026-05-17,717,340.01,147.82,624.78,469.72625,True,MEDIUM
ACC-129,AWS,RDS,us-east-1,2026-06-14,23,225.81,787.2,623.1,469.72625,True,MEDIUM
ACC-136,AWS,EC2,us-west-2,2026-01-29,467,165.13,139.57,622.67,469.72625,True,MEDIUM
ACC-110,AWS,RDS,us-west-2,2026-02-23,603,144.51,310.46,619.97,469.72625,True,MEDIUM
ACC-105,AWS,EC2,us-west-2,2026-03-31,643,121.8,945.73,617.88,469.72625,True,MEDIUM
ACC-132,AWS,RDS,ap-south-1,2026-03-10,630,172.3,271.64,615.18,469.72625,True,MEDIUM
ACC-106,AWS,RDS,us-west-2,2026-01-11,515,326.8,298.38,606.35,469.72625,True,MEDIUM
ACC-101,Azure,Azure SQL,eastus,2026-03-15,223,541.63,172.04,604.64,469.72625,True,MEDIUM
ACC-109,AWS,RDS,ap-south-1,2026-02-19,607,691.52,613.42,604.48,469.72625,True,MEDIUM
ACC-125,Azure,Azure SQL,eastus,2026-05-15,551,265.4,261.54,603.09,469.72625,True,MEDIUM
ACC-118,Azure,Azure SQL,centralindia,2026-04-12,456,46.99,338.17,600.06,469.72625,True,MEDIUM
ACC-147,AWS,EC2,us-east-1,2026-06-15,452,59.97,2600.44,599.88,469.72625,True,MEDIUM
ACC-127,GCP,Compute Engine,us-central1,2026-05-01,31,164.17,686.14,598.72,469.72625,True,MEDIUM
ACC-129,GCP,Compute Engine,us-west1,2026-05-10,145,68.06,387.49,597.85,469.72625,True,MEDIUM
ACC-133,AWS,EC2,eu-west-1,2026-06-20,223,154.09,964.58,595.32,469.72625,True,MEDIUM
ACC-104,GCP,Cloud SQL,us-west1,2026-06-01,590,155.79,578.9,595.25,469.72625,True,MEDIUM
ACC-135,GCP,Compute Engine,europe-west1,2026-06-01,607,101.9,1179.06,593.94,469.72625,True,MEDIUM
ACC-112,Azure,Virtual Machines,eastus,2026-05-04,566,102.18,209.55,592.3,469.72625,True,MEDIUM
ACC-146,AWS,RDS,ap-south-1,2026-01-05,509,224.94,654.98,591.47,469.72625,True,MEDIUM
ACC-103,AWS,EC2,ap-south-1,2026-06-10,222,155.53,575.53,591.23,469.72625,True,MEDIUM
ACC-117,GCP,Compute Engine,europe-west1,2026-06-06,621,256.94,981.69,590.94,469.72625,True,MEDIUM
ACC-114,AWS,RDS,ap-south-1,2026-01-02,238,215.27,423.17,590.35,469.72625,True,MEDIUM
ACC-103,AWS,RDS,us-west-2,2026-02-21,601,232.5,2010.91,586.2,469.72625,True,MEDIUM
ACC-124,GCP,Compute Engine,us-central1,2026-02-28,38,313.5,194.98,584.22,469.72625,True,MEDIUM
ACC-121,AWS,RDS,us-east-1,2026-01-11,481,195.54,706.07,584.2,469.72625,True,MEDIUM
ACC-110,Azure,Azure SQL,westus,2026-01-12,231,147.55,1131.01,581.59,469.72625,True,MEDIUM
ACC-146,AWS,EC2,us-west-2,2026-02-06,491,237.07,756.47,580.34,469.72625,True,MEDIUM
ACC-113,GCP,Compute Engine,asia-south1,2026-06-16,630,125.66,217.75,579.79,469.72625,True,MEDIUM
ACC-140,GCP,Compute Engine,us-west1,2026-03-12,521,223.65,1056.65,579.25,469.72625,True,MEDIUM
ACC-136,AWS,EC2,ap-south-1,2026-04-18,454,159.49,284.74,578.01,469.72625,True,MEDIUM
ACC-137,AWS,RDS,ap-south-1,2026-03-18,633,163.25,1840.92,576.79,469.72625,True,MEDIUM
ACC-105,GCP,Cloud SQL,us-west1,2026-03-20,59,638.95,577.89,575.5,469.72625,True,MEDIUM
ACC-100,Azure,Azure SQL,eastus,2026-02-17,373,126.28,365.93,574.71,469.72625,True,MEDIUM
ACC-130,Azure,Azure SQL,westus,2026-05-30,81,454.81,1605.77,574.46,469.72625,True,MEDIUM
ACC-120,AWS,RDS,us-east-1,2026-02-21,614,66.94,173.05,574.11,469.72625,True,MEDIUM
ACC-103,GCP,Compute Engine,europe-west1,2026-06-19,700,622.02,1375.06,573.94,469.72625,True,MEDIUM
ACC-126,Azure,Azure SQL,eastus,2026-04-05,185,129.17,339.93,571.32,469.72625,True,MEDIUM
ACC-132,AWS,EC2,us-west-2,2026-03-05,601,217.92,352.82,571.0,469.72625,True,MEDIUM
ACC-103,AWS,EC2,us-east-1,2026-06-14,523,739.6,320.27,567.03,469.72625,True,MEDIUM
ACC-123,GCP,Compute Engine,europe-west1,2026-01-13,537,228.17,341.96,566.67,469.72625,True,MEDIUM
ACC-124,AWS,EC2,us-east-1,2026-02-22,711,149.29,161.39,561.71,469.72625,True,MEDIUM
ACC-101,AWS,EC2,us-west-2,2026-01-26,695,50.98,249.61,561.63,469.72625,True,MEDIUM
ACC-131,Azure,Virtual Machines,centralindia,2026-03-12,438,232.68,354.27,561.6,469.72625,True,MEDIUM
ACC-123,AWS,EC2,us-west-2,2026-02-27,459,82.91,326.1,560.89,469.72625,True,MEDIUM
ACC-131,Azure,Virtual Machines,eastus,2026-01-15,102,202.19,229.12,560.84,469.72625,True,MEDIUM
ACC-114,AWS,EC2,us-east-1,2026-03-21,453,258.41,382.55,555.73,469.72625,True,MEDIUM
ACC-149,AWS,RDS,us-west-2,2026-05-25,567,333.52,847.42,554.84,469.72625,True,MEDIUM
ACC-112,GCP,Compute Engine,asia-south1,2026-06-04,665,207.17,391.56,552.35,469.72625,True,MEDIUM
ACC-144,Azure,Azure SQL,westeurope,2026-05-27,144,147.41,388.09,552.35,469.72625,True,MEDIUM
ACC-112,Azure,Azure SQL,westeurope,2026-04-13,426,354.14,482.55,551.87,469.72625,True,MEDIUM
ACC-130,GCP,Compute Engine,asia-south1,2026-04-13,682,139.32,444.55,551.68,469.72625,True,MEDIUM
ACC-112,AWS,EC2,us-west-2,2026-03-12,549,86.06,234.8,550.87,469.72625,True,MEDIUM
ACC-142,Azure,Virtual Machines,westeurope,2026-02-26,622,260.03,1102.93,550.68,469.72625,True,MEDIUM
ACC-141,AWS,RDS,eu-west-1,2026-05-13,489,211.77,1911.34,548.0,469.72625,True,MEDIUM
ACC-110,AWS,RDS,us-west-2,2026-03-14,614,348.79,184.14,546.39,469.72625,True,MEDIUM
ACC-140,Azure,Virtual Machines,westeurope,2026-03-24,184,454.06,341.71,545.63,469.72625,True,MEDIUM
ACC-128,GCP,Compute Engine,us-central1,2026-02-10,614,109.24,469.86,545.62,469.72625,True,MEDIUM
ACC-121,AWS,RDS,us-west-2,2026-01-17,660,212.34,171.19,545.45,469.72625,True,MEDIUM
ACC-142,Azure,Azure SQL,centralindia,2026-02-13,441,70.3,1472.18,545.44,469.72625,True,MEDIUM
ACC-144,AWS,EC2,us-east-1,2026-05-15,489,230.05,719.49,545.35,469.72625,True,MEDIUM
ACC-117,AWS,RDS,ap-south-1,2026-01-02,419,35.18,359.97,545.32,469.72625,True,MEDIUM
ACC-136,Azure,Azure SQL,eastus,2026-06-13,719,357.45,708.04,544.91,469.72625,True,MEDIUM
ACC-116,Azure,Azure SQL,eastus,2026-01-31,441,232.27,1123.43,542.38,469.72625,True,MEDIUM
ACC-141,Azure,Virtual Machines,eastus,2026-02-27,689,61.67,712.84,542.14,469.72625,True,MEDIUM
ACC-133,Azure,Azure SQL,eastus,2026-04-12,701,87.53,984.22,541.98,469.72625,True,MEDIUM
ACC-122,GCP,Cloud SQL,us-central1,2026-03-23,502,188.12,493.46,541.86,469.72625,True,MEDIUM
ACC-111,AWS,RDS,ap-south-1,2026-05-05,102,257.61,667.55,541.63,469.72625,True,MEDIUM
ACC-109,AWS,EC2,us-east-1,2026-02-18,710,143.37,829.46,540.36,469.72625,True,MEDIUM
ACC-142,GCP,Cloud SQL,us-west1,2026-05-20,100,372.0,601.08,539.8,469.72625,True,MEDIUM
ACC-105,AWS,EC2,eu-west-1,2026-02-22,81,129.67,1506.11,539.78,469.72625,True,MEDIUM
ACC-127,GCP,Compute Engine,us-central1,2026-06-20,630,93.39,257.74,538.99,469.72625,True,MEDIUM
ACC-118,AWS,EC2,us-east-1,2026-03-26,43,72.36,544.7,537.14,469.72625,True,MEDIUM
ACC-142,AWS,Lambda,eu-west-1,2026-06-23,707,282.19,256.28,535.94,469.72625,True,MEDIUM
ACC-129,Azure,Virtual Machines,eastus,2026-06-08,470,82.53,670.88,535.04,469.72625,True,MEDIUM
ACC-112,AWS,EC2,us-west-2,2026-02-09,41,447.36,358.28,533.83,469.72625,True,MEDIUM
ACC-122,Azure,Azure SQL,westus,2026-04-21,715,65.16,920.29,533.21,469.72625,True,MEDIUM
ACC-101,AWS,EC2,us-east-1,2026-01-30,684,145.58,147.39,533.09,469.72625,True,MEDIUM
ACC-100,AWS,EC2,us-east-1,2026-05-17,141,272.17,220.63,533.08,469.72625,True,MEDIUM
ACC-145,Azure,Virtual Machines,westeurope,2026-04-14,415,104.83,511.91,532.39,469.72625,True,MEDIUM
ACC-136,AWS,EC2,us-west-2,2026-04-19,684,516.97,1081.59,530.67,469.72625,True,MEDIUM
ACC-110,AWS,EC2,us-west-2,2026-03-03,124,235.27,368.23,529.56,469.72625,True,MEDIUM
ACC-104,Azure,Azure SQL,eastus,2026-02-04,715,211.23,420.89,529.28,469.72625,True,MEDIUM
ACC-127,GCP,Cloud SQL,us-central1,2026-02-02,577,77.62,205.53,528.84,469.72625,True,MEDIUM
ACC-121,Azure,Azure SQL,eastus,2026-02-15,686,168.8,1274.38,526.65,469.72625,True,MEDIUM
ACC-120,Azure,Virtual Machines,westus,2026-03-25,602,92.12,219.35,524.23,469.72625,True,MEDIUM
ACC-109,GCP,Cloud SQL,europe-west1,2026-06-19,701,60.79,159.0,523.58,469.72625,True,MEDIUM
ACC-149,AWS,RDS,us-east-1,2026-04-29,114,397.6,869.61,521.4,469.72625,True,MEDIUM
ACC-123,AWS,EC2,us-west-2,2026-06-16,649,125.31,1133.89,521.37,469.72625,True,MEDIUM
ACC-123,Azure,Virtual Machines,eastus,2026-06-01,539,64.83,229.98,520.97,469.72625,True,MEDIUM
ACC-109,AWS,EC2,us-west-2,2026-03-26,640,221.92,4060.9,520.72,469.72625,True,MEDIUM
ACC-103,Azure,Virtual Machines,centralindia,2026-03-13,146,131.06,1493.15,520.51,469.72625,True,MEDIUM
ACC-109,Azure,Virtual Machines,westeurope,2026-03-07,614,153.72,263.69,519.99,469.72625,True,MEDIUM
ACC-123,Azure,Azure SQL,westus,2026-01-27,60,142.74,248.51,517.97,469.72625,True,MEDIUM
ACC-102,AWS,EC2,ap-south-1,2026-01-21,229,200.98,1752.1,517.29,469.72625,True,MEDIUM
ACC-123,Azure,Azure SQL,eastus,2026-01-08,402,63.11,1662.92,516.28,469.72625,True,MEDIUM
ACC-127,Azure,Azure SQL,eastus,2026-01-30,596,156.44,1368.61,514.68,469.72625,True,MEDIUM
ACC-110,Azure,Azure SQL,eastus,2026-06-10,498,177.34,938.23,513.24,469.72625,True,MEDIUM
ACC-141,AWS,EC2,us-east-1,2026-03-29,672,415.04,375.59,512.96,469.72625,True,MEDIUM
ACC-124,AWS,EC2,us-west-2,2026-05-17,714,156.27,479.94,512.84,469.72625,True,MEDIUM
ACC-119,AWS,EC2,ap-south-1,2026-03-27,27,118.08,266.68,512.22,469.72625,True,MEDIUM
ACC-136,Azure,Azure SQL,westus,2026-04-26,540,42.79,384.45,511.65,469.72625,True,MEDIUM
ACC-126,GCP,Compute Engine,asia-south1,2026-01-17,627,125.81,138.15,511.52,469.72625,True,MEDIUM
ACC-140,AWS,EC2,ap-south-1,2026-01-02,76,405.19,1317.85,510.47,469.72625,True,MEDIUM
ACC-110,Azure,Virtual Machines,westeurope,2026-03-09,452,181.34,506.35,510.33,469.72625,True,MEDIUM
ACC-120,Azure,Azure SQL,centralindia,2026-02-13,218,178.77,230.35,510.19,469.72625,True,MEDIUM
ACC-143,AWS,EC2,eu-west-1,2026-04-23,107,151.78,1109.86,509.93,469.72625,True,MEDIUM
ACC-124,GCP,Cloud SQL,us-west1,2026-05-23,664,395.7,475.76,509.6,469.72625,True,MEDIUM
ACC-113,GCP,Cloud SQL,us-west1,2026-02-17,664,932.6,150.39,509.38,469.72625,True,MEDIUM
ACC-144,AWS,EC2,us-east-1,2026-01-06,671,249.07,2412.57,508.33,469.72625,True,MEDIUM
ACC-129,Azure,Virtual Machines,eastus,2026-06-10,676,61.18,215.13,507.6,469.72625,True,MEDIUM
ACC-110,GCP,Compute Engine,asia-south1,2026-05-14,43,332.15,542.69,506.8,469.72625,True,MEDIUM
ACC-126,AWS,RDS,us-west-2,2026-06-23,697,633.06,564.08,506.64,469.72625,True,MEDIUM
ACC-109,AWS,RDS,eu-west-1,2026-03-08,421,663.49,149.14,506.09,469.72625,True,MEDIUM
ACC-124,Azure,Azure SQL,eastus,2026-05-20,624,64.17,1233.49,505.49,469.72625,True,MEDIUM
ACC-104,Azure,Azure SQL,centralindia,2026-03-13,413,136.5,1154.8,502.85,469.72625,True,MEDIUM
ACC-111,AWS,EC2,eu-west-1,2026-02-09,606,146.03,683.59,502.83,469.72625,True,MEDIUM
ACC-127,Azure,Azure SQL,westus,2026-05-24,706,226.41,590.35,502.54,469.72625,True,MEDIUM
ACC-136,Azure,Virtual Machines,centralindia,2026-02-05,20,200.08,241.16,502.53,469.72625,True,MEDIUM
ACC-149,AWS,EC2,us-east-1,2026-02-01,681,259.59,477.2,501.48,469.72625,True,MEDIUM
ACC-143,AWS,EC2,ap-south-1,2026-06-28,714,84.63,220.05,501.38,469.72625,True,MEDIUM
ACC-122,AWS,EC2,us-east-1,2026-01-31,707,130.5,428.43,501.08,469.72625,True,MEDIUM
ACC-122,AWS,EC2,ap-south-1,2026-03-05,433,171.96,1936.72,499.32,469.72625,True,MEDIUM
ACC-101,Azure,Azure SQL,eastus,2026-06-10,654,125.91,44.83,499.19,469.72625,True,MEDIUM
ACC-102,AWS,RDS,us-east-1,2026-05-31,144,105.82,240.17,498.4,469.72625,True,MEDIUM
ACC-118,AWS,EC2,us-west-2,2026-05-21,642,877.61,1005.7,497.58,469.72625,True,MEDIUM
ACC-137,GCP,Cloud SQL,us-west1,2026-06-03,444,532.05,257.64,497.47,469.72625,True,MEDIUM
ACC-132,GCP,Compute Engine,us-central1,2026-05-05,597,163.45,583.68,497.0,469.72625,True,MEDIUM
ACC-122,AWS,EC2,ap-south-1,2026-03-29,697,226.23,701.87,496.61,469.72625,True,MEDIUM
ACC-114,Azure,Azure SQL,westus,2026-05-15,690,140.1,398.03,496.57,469.72625,True,MEDIUM
ACC-127,AWS,RDS,eu-west-1,2026-01-02,714,65.15,1815.88,496.29,469.72625,True,MEDIUM
ACC-110,AWS,EC2,us-east-1,2026-02-28,75,219.22,316.99,495.86,469.72625,True,MEDIUM
ACC-128,AWS,RDS,ap-south-1,2026-04-03,689,392.67,139.88,495.7,469.72625,True,MEDIUM
ACC-116,Azure,Virtual Machines,westeurope,2026-03-30,28,118.29,145.96,494.88,469.72625,True,MEDIUM
ACC-121,AWS,EC2,eu-west-1,2026-02-13,58,114.86,311.54,494.88,469.72625,True,MEDIUM
ACC-119,GCP,Compute Engine,europe-west1,2026-06-12,56,141.73,791.56,494.83,469.72625,True,MEDIUM
ACC-126,Azure,Azure SQL,westus,2026-04-02,610,300.84,391.79,494.82,469.72625,True,MEDIUM
ACC-142,Azure,Azure SQL,eastus,2026-06-07,698,104.0,169.72,494.24,469.72625,True,MEDIUM
ACC-100,Azure,Virtual Machines,westeurope,2026-04-02,669,148.94,2307.2,493.61,469.72625,True,MEDIUM
ACC-101,AWS,EC2,ap-south-1,2026-01-18,517,240.88,264.31,493.41,469.72625,True,MEDIUM
ACC-110,AWS,EC2,eu-west-1,2026-06-13,705,532.74,1236.46,493.1,469.72625,True,MEDIUM
ACC-133,AWS,EC2,us-west-2,2026-01-17,688,163.36,514.97,492.7,469.72625,True,MEDIUM
ACC-135,AWS,EC2,us-east-1,2026-05-05,566,30.2,749.44,492.55,469.72625,True,MEDIUM
ACC-119,Azure,Azure SQL,centralindia,2026-02-14,709,178.16,219.21,492.46,469.72625,True,MEDIUM
ACC-133,Azure,Virtual Machines,westus,2026-06-06,639,519.88,716.97,492.41,469.72625,True,MEDIUM
ACC-130,AWS,EC2,ap-south-1,2026-06-14,451,343.77,729.97,492.3,469.72625,True,MEDIUM
ACC-100,Azure,Azure SQL,westus,2026-06-16,702,141.91,377.83,492.23,469.72625,True,MEDIUM
ACC-103,Azure,Azure SQL,centralindia,2026-03-22,684,298.08,305.5,491.83,469.72625,True,MEDIUM
ACC-116,Azure,Azure SQL,eastus,2026-02-24,179,160.93,308.74,491.44,469.72625,True,MEDIUM
ACC-124,Azure,Azure SQL,westus,2026-06-01,215,148.13,354.5,491.29,469.72625,True,MEDIUM
ACC-116,Azure,Virtual Machines,centralindia,2026-05-08,537,313.24,312.17,490.72,469.72625,True,MEDIUM
ACC-138,AWS,RDS,ap-south-1,2026-02-04,519,107.5,1004.65,490.49,469.72625,True,MEDIUM
ACC-107,AWS,EC2,ap-south-1,2026-01-20,478,160.6,416.34,489.7,469.72625,True,MEDIUM
ACC-135,Azure,Virtual Machines,centralindia,2026-04-12,79,205.79,696.19,489.44,469.72625,True,MEDIUM
ACC-102,Azure,Azure SQL,westeurope,2026-07-01,464,159.6,619.88,489.3,469.72625,True,MEDIUM
ACC-145,AWS,EC2,us-west-2,2026-01-05,429,129.13,271.13,488.97,469.72625,True,MEDIUM
ACC-134,AWS,EC2,eu-west-1,2026-06-14,701,28.32,324.69,488.16,469.72625,True,MEDIUM
ACC-125,AWS,EC2,ap-south-1,2026-03-21,666,228.88,961.09,487.84,469.72625,True,MEDIUM
ACC-144,GCP,Cloud SQL,us-central1,2026-01-08,463,257.49,292.22,487.81,469.72625,True,MEDIUM
ACC-144,Azure,Azure SQL,westus,2026-01-10,656,272.17,412.7,487.71,469.72625,True,MEDIUM
ACC-107,Azure,Azure SQL,westeurope,2026-01-04,222,41.33,346.16,487.36,469.72625,True,MEDIUM
ACC-146,Azure,Azure SQL,eastus,2026-02-18,221,315.25,318.01,487.02,469.72625,True,MEDIUM
ACC-124,Azure,Azure SQL,eastus,2026-01-11,715,195.33,137.59,486.8,469.72625,True,MEDIUM
ACC-135,AWS,EC2,us-west-2,2026-02-07,673,123.35,553.45,486.39,469.72625,True,MEDIUM
ACC-146,AWS,EC2,eu-west-1,2026-06-18,406,129.38,488.23,486.18,469.72625,True,MEDIUM
ACC-117,Azure,Azure SQL,westeurope,2026-03-28,26,286.35,88.96,486.06,469.72625,True,MEDIUM
ACC-119,Azure,Azure SQL,westeurope,2026-03-28,241,83.32,2449.08,485.66,469.72625,True,MEDIUM
ACC-121,Azure,Virtual Machines,westus,2026-05-25,719,112.82,428.5,485.49,469.72625,True,MEDIUM
ACC-100,Azure,Virtual Machines,westus,2026-05-12,521,126.11,535.39,485.4,469.72625,True,MEDIUM
ACC-102,Azure,Virtual Machines,westeurope,2026-01-25,701,86.66,56.74,485.01,469.72625,True,MEDIUM
ACC-109,GCP,Compute Engine,europe-west1,2026-02-28,699,89.42,172.18,484.34,469.72625,True,MEDIUM
ACC-142,Azure,Azure SQL,westeurope,2026-01-03,716,94.86,492.07,484.34,469.72625,True,MEDIUM
ACC-146,Azure,Virtual Machines,eastus,2026-01-04,534,177.74,222.63,484.31,469.72625,True,MEDIUM
ACC-112,AWS,EC2,us-west-2,2026-01-31,720,160.51,1050.69,483.75,469.72625,True,MEDIUM
ACC-146,AWS,EC2,ap-south-1,2026-03-22,631,147.45,308.87,483.24,469.72625,True,MEDIUM
ACC-105,GCP,Cloud SQL,asia-south1,2026-02-10,716,183.76,672.81,482.86,469.72625,True,MEDIUM
ACC-126,Azure,Azure SQL,eastus,2026-02-28,710,207.74,279.02,482.6,469.72625,True,MEDIUM
ACC-122,Azure,Azure SQL,centralindia,2026-01-11,687,186.38,657.0,482.53,469.72625,True,MEDIUM
ACC-106,AWS,RDS,ap-south-1,2026-05-23,229,524.64,721.08,482.41,469.72625,True,MEDIUM
ACC-142,Azure,Azure SQL,eastus,2026-01-30,689,253.58,378.4,481.67,469.72625,True,MEDIUM
ACC-146,Azure,Azure SQL,eastus,2026-06-03,699,78.74,807.81,481.66,469.72625,True,MEDIUM
ACC-127,Azure,Azure SQL,eastus,2026-05-09,673,153.59,488.89,481.51,469.72625,True,MEDIUM
ACC-146,AWS,EC2,eu-west-1,2026-02-18,558,323.32,876.94,481.18,469.72625,True,MEDIUM
ACC-148,Azure,Azure SQL,centralindia,2026-04-29,128,101.22,989.5,480.71,469.72625,True,MEDIUM
ACC-134,Azure,Virtual Machines,eastus,2026-05-17,222,145.5,261.9,480.58,469.72625,True,MEDIUM
ACC-121,Azure,Azure SQL,eastus,2026-01-03,88,322.01,961.69,480.55,469.72625,True,MEDIUM
ACC-128,AWS,RDS,us-east-1,2026-02-11,592,83.48,300.5,480.05,469.72625,True,MEDIUM
ACC-147,Azure,Virtual Machines,centralindia,2026-01-16,51,278.86,270.18,479.77,469.72625,True,MEDIUM
ACC-124,Azure,Azure SQL,westus,2026-04-03,249,326.43,340.58,479.6,469.72625,True,MEDIUM
ACC-127,Azure,Virtual Machines,eastus,2026-06-29,692,79.07,220.37,479.55,469.72625,True,MEDIUM
ACC-117,AWS,EC2,ap-south-1,2026-01-20,716,166.15,403.95,478.56,469.72625,True,MEDIUM
ACC-111,AWS,EC2,us-east-1,2026-02-01,608,136.16,271.31,478.51,469.72625,True,MEDIUM
ACC-131,Azure,Virtual Machines,eastus,2026-01-23,707,135.14,2216.49,478.31,469.72625,True,MEDIUM
ACC-148,Azure,Virtual Machines,westeurope,2026-02-08,701,181.29,253.71,478.17,469.72625,True,MEDIUM
ACC-118,Azure,Azure SQL,eastus,2026-02-10,241,85.94,1602.09,478.11,469.72625,True,MEDIUM
ACC-107,Azure,Azure SQL,westus,2026-06-16,674,149.17,394.68,478.03,469.72625,True,MEDIUM
ACC-115,Azure,Azure SQL,westus,2026-04-18,661,280.78,610.04,477.81,469.72625,True,MEDIUM
ACC-113,Azure,Virtual Machines,centralindia,2026-02-25,581,69.83,456.49,477.65,469.72625,True,MEDIUM
ACC-101,AWS,EC2,ap-south-1,2026-05-30,169,305.47,1922.59,477.63,469.72625,True,MEDIUM
ACC-123,GCP,Compute Engine,asia-south1,2026-03-06,666,301.68,571.61,477.46,469.72625,True,MEDIUM
ACC-117,Azure,Virtual Machines,eastus,2026-05-04,612,74.42,244.38,476.98,469.72625,True,MEDIUM
ACC-141,AWS,EC2,us-west-2,2026-02-27,632,259.39,171.66,476.8,469.72625,True,MEDIUM
ACC-144,Azure,Azure SQL,westeurope,2026-04-11,205,339.5,684.2,476.7,469.72625,True,MEDIUM
ACC-115,Azure,Azure SQL,eastus,2026-04-25,632,72.34,1530.58,476.58,469.72625,True,MEDIUM
ACC-101,Azure,Azure SQL,centralindia,2026-06-13,125,117.53,585.55,476.38,469.72625,True,MEDIUM
ACC-104,AWS,EC2,us-east-1,2026-03-06,50,88.54,672.51,476.18,469.72625,True,MEDIUM
ACC-113,AWS,EC2,us-east-1,2026-05-27,141,182.82,305.41,476.18,469.72625,True,MEDIUM
ACC-109,Azure,Azure SQL,centralindia,2026-05-14,716,139.79,125.13,474.94,469.72625,True,MEDIUM
ACC-100,Azure,Azure SQL,westus,2026-02-09,648,52.39,223.02,474.73,469.72625,True,MEDIUM
ACC-120,Azure,Virtual Machines,centralindia,2026-04-01,445,399.61,588.49,474.54,469.72625,True,MEDIUM
ACC-120,Azure,Virtual Machines,eastus,2026-06-01,684,232.7,204.82,474.01,469.72625,True,MEDIUM
ACC-110,AWS,EC2,eu-west-1,2026-01-28,697,79.48,199.69,473.49,469.72625,True,MEDIUM
ACC-122,Azure,Virtual Machines,westeurope,2026-01-18,61,532.94,338.84,473.43,469.72625,True,MEDIUM
ACC-148,Azure,Azure SQL,westeurope,2026-03-29,634,501.59,642.69,473.43,469.72625,True,MEDIUM
ACC-116,AWS,RDS,eu-west-1,2026-03-22,535,179.09,291.21,473.32,469.72625,True,MEDIUM
ACC-134,AWS,EC2,eu-west-1,2026-02-03,688,38.63,313.93,473.31,469.72625,True,MEDIUM
ACC-118,GCP,Cloud SQL,europe-west1,2026-06-23,716,253.53,1270.81,473.25,469.72625,True,MEDIUM
ACC-142,AWS,EC2,us-east-1,2026-04-20,715,117.69,122.56,473.1,469.72625,True,MEDIUM
ACC-114,Azure,Azure SQL,eastus,2026-04-25,145,273.65,359.05,473.03,469.72625,True,MEDIUM
ACC-145,AWS,EC2,us-west-2,2026-06-25,596,149.17,1682.61,472.85,469.72625,True,MEDIUM
ACC-109,AWS,EC2,us-east-1,2026-01-28,650,251.97,298.67,472.78,469.72625,True,MEDIUM
ACC-123,AWS,RDS,eu-west-1,2026-03-31,641,86.25,780.47,472.56,469.72625,True,MEDIUM
ACC-135,Azure,Azure SQL,westus,2026-03-25,570,88.31,634.31,472.52,469.72625,True,MEDIUM
ACC-132,AWS,EC2,us-east-1,2026-03-01,656,628.31,985.12,472.32,469.72625,True,MEDIUM
ACC-111,Azure,Azure SQL,westus,2026-03-02,697,350.73,153.41,471.99,469.72625,True,MEDIUM
ACC-112,Azure,Azure SQL,westeurope,2026-01-10,693,194.09,661.44,471.75,469.72625,True,MEDIUM
ACC-102,AWS,EC2,eu-west-1,2026-06-04,462,202.25,1083.77,470.76,469.72625,True,MEDIUM
ACC-104,Azure,Virtual Machines,centralindia,2026-01-17,682,128.4,301.63,470.45,469.72625,True,MEDIUM
ACC-135,AWS,RDS,us-east-1,2026-06-28,720,221.39,272.21,470.32,469.72625,True,MEDIUM
ACC-120,Azure,Azure SQL,eastus,2026-01-25,475,389.01,1972.41,469.92,469.72625,True,MEDIUM
ACC-146,AWS,EC2,eu-west-1,2026-03-13,167,90.13,402.72,469.8,469.72625,True,MEDIUM
ACC-120,AWS,EC2,us-west-2,2026-05-14,658,102.2,304.48,469.73,469.72625,True,MEDIUM
